﻿SurvivalTime,BloodClottingScore,PrognosticIndex,EnzymeTest,LiverTest,Age,Alcohol,Sex
695,6.7,62,81,2.59,50,moderate,male
403,5.1,59,66,1.7,39,none,male
710,7.4,57,83,2.16,55,none,male
349,6.5,73,41,2.01,48,none,male
2343,7.8,65,115,4.3,45,heavy,male
348,5.8,38,72,1.42,65,moderate,female
518,5.7,46,63,1.91,49,heavy,female
749,3.7,68,81,2.57,69,moderate,female
1056,6,67,93,2.5,58,moderate,male
968,3.7,76,94,2.4,48,moderate,male
745,6.3,84,83,4.13,37,moderate,male
257,6.7,51,43,1.86,57,moderate,male
1573,5.8,96,114,3.95,63,none,female
858,5.8,83,88,3.95,52,none,female
702,7.7,62,67,3.4,58,heavy,male
809,7.4,74,68,2.4,64,moderate,female
682,6,85,28,2.98,36,moderate,female
205,3.7,51,41,1.55,39,none,male
550,7.3,68,74,3.56,59,none,female
838,5.6,57,87,3.02,63,heavy,male
359,5.2,52,76,2.85,39,none,male
353,3.4,83,53,1.12,67,moderate,female
599,6.7,26,68,2.1,30,heavy,male
562,5.8,67,86,3.4,49,moderate,female
651,6.3,59,100,2.95,36,moderate,female
751,5.8,61,73,3.5,62,moderate,female
545,5.2,52,86,2.45,70,moderate,male
1965,11.2,76,90,5.59,58,heavy,female
477,5.2,54,56,2.71,44,none,female
600,5.8,76,59,2.58,61,moderate,female
443,3.2,64,65,0.74,53,moderate,male
181,8.7,45,23,2.52,68,moderate,male
411,5,59,73,3.5,57,moderate,male
1037,5.8,72,93,3.3,39,heavy,female
482,5.4,58,70,2.64,31,moderate,female
634,5.3,51,99,2.6,48,moderate,male
678,2.6,74,86,2.05,45,none,male
362,4.3,8,119,2.85,65,none,female
637,4.8,61,76,2.45,51,moderate,female
705,5.4,52,88,1.81,40,none,female
536,5.2,49,72,1.84,46,none,male
582,3.6,28,99,1.3,55,heavy,male
1270,8.8,86,88,6.4,30,moderate,female
538,6.5,56,77,2.85,41,moderate,male
482,3.4,77,93,1.48,69,moderate,male
611,6.5,40,84,3,54,moderate,female
960,4.5,73,106,3.05,47,moderate,female
1300,4.8,86,101,4.1,35,heavy,female
581,5.1,67,77,2.86,66,none,female
1078,3.9,82,103,4.55,50,moderate,male
405,6.6,77,46,1.95,50,moderate,male
579,6.4,85,40,1.21,58,heavy,male
550,6.4,59,85,2.33,63,moderate,male
651,8.8,78,72,3.2,56,none,male
